/*
    Create sample data
	
	Based on current system data created in database.sql,
	the starting user if is assumed to be 3
*/

/* ------- Insert a second test community ------- */
   
/* Communityid 2 expected */
INSERT INTO COMMUNITIES 
  (COMMUNITYNAME, ACCOUNTNUMBER, CONTACTNAME, CONTACTEMAIL, CONTACTPHONE, ADMINNAME, ADMINPASSWORD, BRIDGEPHONE, SYSTEMURL, ACCOUNTTYPE, ACCOUNTSTATUS, OPTIONS)
   VALUES ('Imidio', 'Imidio', '', '', '', 'imidioadmin', 'admin', '(981) 461-1160', 'http://216.65.117.150/imidio/meetings/load', 0, 1, 0);

/* Insert default profile for test community (profileid 2 expected */
INSERT INTO PROFILES (COMMUNITYID, PROFILENAME, ENABLEDFEATURES, PROFILEOPTIONS) VALUES ('2', 'System', 7551, '000000000200000000100000000020');

/* Userid 3 expected */
INSERT INTO USERS (COMMUNITYID, USERNAME, SCREENNAME, PASSWORD, LASTMODIFIED, ADMIN, SUPERADMIN) VALUES
    (2, 'imidioadmin@all.homedns.org', 'imidioadmin', 'admin', 0, true, false);

/* Directory 5 expected */
INSERT INTO DIRECTORIES (COMMUNITYID, OWNERID, NAME, TYPE, LASTMODIFIED) VALUES
    (2, 3, 'Community Address Book', 1, 0);

/* Groupid 3 expected */
INSERT INTO GROUPS (GROUPID, DIRECTORYID, NAME, TYPE, LASTMODIFIED) VALUES
    (3, 5, 'All', 1, 0);

/* Contact for user 3 */
INSERT INTO CONTACTS 
   (USERID,USERNAME,SERVER,FIRSTNAME,MIDDLENAME,LASTNAME,
    DIRECTORYID,TYPE,SCREENNAME,
    MAXSIZE,MAXPRIORITY,PRIORITYTYPE,ENABLEDFEATURES,DISABLEDFEATURES, 
    PROFILEID)
  VALUES 
   (3,'imidioadmin@all.homedns.org','all.homedns.org','imidio admin','','',
    5,2,'imidioadmin', 
	5, -1, 0, 0, 0, 
	2);

INSERT INTO DIRECTORY_SUBSCRIPTIONS (OWNERID, DIRECTORYID) VALUES (3, 5);

INSERT INTO MEMBERS (GROUPID, USERID) VALUES (3, 3);

/* Create instant meeting for admin */
INSERT INTO MEETINGS(MEETINGID,COMMUNITYID,HOSTID,TYPE,PRIVACY,PRIORITY,TITLE,SIZE,DURATION,TIME,RECURRENCE,RECUR_END,OPTIONS,END_TIME,INVITE_EXPIRATION,INVITE_VALID_BEFORE,INVITE_MESSAGE,DISPLAY_ATTENDEES,INVITEE_CHAT_OPTIONS) VALUES
	(20,2,3,1,1,5,'Imidio Admin\'s Meeting',5,60,0,0,0,1,0,0,0,'',2,2);
INSERT INTO PARTICIPANTS(PARTICIPANTID, MEETINGID, ROLL, USERID, USERNAME, NAME, PHONE, EMAIL, SCREENNAME, NOTIFYTYPE) VALUES
	(21,20,3,3,'imidioadmin@all.homedns.org','imidio admin','','','imidioadmin', 0);

/* --- Insert another test profile (profileid 1 expected) --- */

INSERT INTO PROFILES (COMMUNITYID, PROFILENAME, ENABLEDFEATURES, PROFILEOPTIONS) VALUES ('2', 'Number Two', 7551, '000000000200000000050000000007');

/* --- Set up Andy (expect userid 4) --- */

INSERT INTO USERS (COMMUNITYID, USERNAME, SCREENNAME, PASSWORD, ADMIN, SUPERADMIN) VALUES (2, 'andy@all.homedns.org', 'andy', 'password', false, false);
INSERT INTO CONTACTS (USERID,USERNAME,SERVER,FIRSTNAME,MIDDLENAME,LASTNAME,DIRECTORYID,TYPE,SCREENNAME,EMAIL,EMAIL2,EMAIL3,BUSPHONE,HOMEPHONE,MOBILEPHONE,OTHERPHONE,EXTENSION,USER1,USER2,USER3,DEFPHONE,DEFEMAIL,MAXSIZE,MAXPRIORITY,PRIORITYTYPE,ENABLEDFEATURES,DISABLEDFEATURES, PROFILEID)
  VALUES (4,'andy@all.homedns.org','all.homedns.org','andy','','',5,1,'andy','theandyfox@yahoo.com','theandyfox','theandyfox@hotmail.com','9785799509','9785798993','7818588585','','','','theandyfox','','1','0', 5, -1, 0, 0, 0, 1);
INSERT INTO DIRECTORY_SUBSCRIPTIONS (OWNERID, DIRECTORYID) VALUES (4, 5);
INSERT INTO MEMBERS (GROUPID, USERID) VALUES (3, 4);

INSERT INTO MEETINGS(MEETINGID,COMMUNITYID,HOSTID,TYPE,PRIVACY,PRIORITY,TITLE,SIZE,DURATION,TIME,RECURRENCE,RECUR_END,OPTIONS,END_TIME,INVITE_EXPIRATION,INVITE_VALID_BEFORE,INVITE_MESSAGE,DISPLAY_ATTENDEES,INVITEE_CHAT_OPTIONS) VALUES
	(900,2,4,1,1,5,'Andy\'s Meeting',5,60,0,0,0,1,0,0,0,'',2,2);
INSERT INTO PARTICIPANTS(PARTICIPANTID, MEETINGID, ROLL, USERID, USERNAME, NAME, PHONE, EMAIL, SCREENNAME, NOTIFYTYPE) VALUES
	(901,900,3,4,'andy@all.homedns.org','Andy','781-858-8585','','andy', 2);

/* --- Set up Ray (expect userid 5) --- */

INSERT INTO USERS (COMMUNITYID, USERNAME, SCREENNAME, PASSWORD, ADMIN, SUPERADMIN) VALUES (2, 'ray@all.homedns.org', 'ray', 'password', false, false);
INSERT INTO CONTACTS (USERID,USERNAME,SERVER,FIRSTNAME,MIDDLENAME,LASTNAME,DIRECTORYID,TYPE,SCREENNAME,COMPANY,JOBTITLE,ADDRESS1,ADDRESS2,STATE,COUNTRY,POSTALCODE,EMAIL,EMAIL2,EMAIL3,BUSPHONE,HOMEPHONE,MOBILEPHONE,OTHERPHONE,EXTENSION,USER1,USER2,USER3,DEFPHONE,DEFEMAIL,MAXSIZE,MAXPRIORITY,PRIORITYTYPE,ENABLEDFEATURES,DISABLEDFEATURES, PROFILEID)
  VALUES (5,'ray@all.homedns.org','all.homedns.org','Ray','','Phillips',5,1,'ray', 'imidio','vice president/sales','40 Whispering Pine Road','Sudbury','MA','United States','01776','rjphillips@earthlink.net','','','9785799956','9784438598','9788524840','','','','','','0','0',5, -1, 0, 0, 0, 1);
INSERT INTO DIRECTORY_SUBSCRIPTIONS (OWNERID, DIRECTORYID) VALUES (5, 5);
INSERT INTO MEMBERS (GROUPID, USERID) VALUES (3, 5);

INSERT INTO MEETINGS(MEETINGID,COMMUNITYID,HOSTID,TYPE,PRIVACY,PRIORITY,TITLE,SIZE,DURATION,TIME,RECURRENCE,RECUR_END,OPTIONS,END_TIME,INVITE_EXPIRATION,INVITE_VALID_BEFORE,INVITE_MESSAGE,DISPLAY_ATTENDEES,INVITEE_CHAT_OPTIONS) VALUES
	(810,2,5,1,1,5,'Ray\'s Meeting',5,60,0,0,0,1,0,0,0,'',2,2);
INSERT INTO PARTICIPANTS(PARTICIPANTID, MEETINGID, ROLL, USERID, USERNAME, NAME, PHONE, EMAIL, SCREENNAME, NOTIFYTYPE) VALUES
	(811,810,3,5,'ray@all.homedns.org','Ray','','','ray', 2);

/* --- Set up Bev (expect userid 6) --- */

INSERT INTO USERS (COMMUNITYID, USERNAME, SCREENNAME, PASSWORD, ADMIN, SUPERADMIN) VALUES (2, 'bev@all.homedns.org', 'bev', 'password', false, false);
INSERT INTO CONTACTS (USERID,USERNAME,SERVER,FIRSTNAME,MIDDLENAME,LASTNAME,DIRECTORYID,TYPE,SCREENNAME,MAXSIZE,MAXPRIORITY,PRIORITYTYPE,ENABLEDFEATURES,DISABLEDFEATURES, PROFILEID)
  VALUES (6,'bev@all.homedns.org','all.homedns.org','bev','','',5,1,'bev', 5, -1, 0, 0, 0, 1);
INSERT INTO DIRECTORY_SUBSCRIPTIONS (OWNERID, DIRECTORYID) VALUES (6, 5);
INSERT INTO MEMBERS (GROUPID, USERID) VALUES (3, 6);

INSERT INTO MEETINGS(MEETINGID,COMMUNITYID,HOSTID,TYPE,PRIVACY,PRIORITY,TITLE,SIZE,DURATION,TIME,RECURRENCE,RECUR_END,OPTIONS,END_TIME,INVITE_EXPIRATION,INVITE_VALID_BEFORE,INVITE_MESSAGE,DISPLAY_ATTENDEES,INVITEE_CHAT_OPTIONS) VALUES
	(820,2,6,1,1,5,'Bev\'s Meeting',5,60,0,0,0,1,0,0,0,'',2,2);
INSERT INTO PARTICIPANTS(PARTICIPANTID, MEETINGID, ROLL, USERID, USERNAME, NAME, PHONE, EMAIL, SCREENNAME, NOTIFYTYPE) VALUES
	(821,820,3,6,'bev@all.homedns.org','Bev','','','bev', 2);

/* --- Set up ted1 (expect userid 7) --- */

INSERT INTO USERS (COMMUNITYID, USERNAME, SCREENNAME, PASSWORD, ADMIN, SUPERADMIN) VALUES (2, 'ted1@all.homedns.org', 'ted1', 'password', false, false);
INSERT INTO CONTACTS (USERID,USERNAME,SERVER,FIRSTNAME,MIDDLENAME,LASTNAME,DIRECTORYID,TYPE,SCREENNAME,EMAIL,HOMEPHONE,MAXSIZE,MAXPRIORITY,PRIORITYTYPE,ENABLEDFEATURES,DISABLEDFEATURES, PROFILEID)
  VALUES (7,'ted1@all.homedns.org','all.homedns.org','ted1','','',5,1,'ted1', 'tedledoux@yahoo.com','9783621880',5, -1, 0, 0, 0, 1);
INSERT INTO DIRECTORY_SUBSCRIPTIONS (OWNERID, DIRECTORYID) VALUES (7, 5);
INSERT INTO MEMBERS (GROUPID, USERID) VALUES (3, 7);

INSERT INTO MEETINGS(MEETINGID,COMMUNITYID,HOSTID,TYPE,PRIVACY,PRIORITY,TITLE,SIZE,DURATION,TIME,RECURRENCE,RECUR_END,OPTIONS,END_TIME,INVITE_EXPIRATION,INVITE_VALID_BEFORE,INVITE_MESSAGE,DISPLAY_ATTENDEES,INVITEE_CHAT_OPTIONS) VALUES
	(830,2,7,1,1,5,'ted1\'s Meeting',5,60,0,0,0,1,0,0,0,'',2,2);
INSERT INTO PARTICIPANTS(PARTICIPANTID, MEETINGID, ROLL, USERID, USERNAME, NAME, PHONE, EMAIL, SCREENNAME, NOTIFYTYPE) VALUES
	(831,830,3,7,'ted1@all.homedns.org','ted1','','','ted1', 2);

/* --- Set up Dan (expect userid 8) --- */

INSERT INTO USERS (COMMUNITYID, USERNAME, SCREENNAME, PASSWORD, ADMIN, SUPERADMIN) VALUES (2, 'dan@all.homedns.org', 'dan', 'password', false, false);
INSERT INTO CONTACTS (USERID,USERNAME,SERVER,FIRSTNAME,MIDDLENAME,LASTNAME,DIRECTORYID,TYPE,SCREENNAME,EMAIL,EMAIL2,HOMEPHONE,MOBILEPHONE,DEFPHONE,MAXSIZE,MAXPRIORITY,PRIORITYTYPE,ENABLEDFEATURES,DISABLEDFEATURES, PROFILEID)
  VALUES (8,'dan@all.homedns.org','all.homedns.org','Dan','','',5,1,'dan', 'dkatcher@comcast.net','dkatcher@yahoo.com','781-449-7374','617-780-6480','3',5, -1, 0, 0, 0, 1);
INSERT INTO DIRECTORY_SUBSCRIPTIONS (OWNERID, DIRECTORYID) VALUES (8, 5);
INSERT INTO MEMBERS (GROUPID, USERID) VALUES (3, 8);

INSERT INTO MEETINGS(MEETINGID,COMMUNITYID,HOSTID,TYPE,PRIVACY,PRIORITY,TITLE,SIZE,DURATION,TIME,RECURRENCE,RECUR_END,OPTIONS,END_TIME,INVITE_EXPIRATION,INVITE_VALID_BEFORE,INVITE_MESSAGE,DISPLAY_ATTENDEES,INVITEE_CHAT_OPTIONS) VALUES
	(840,2,8,1,1,5,'Dan\'s Meeting',5,60,0,0,0,1,0,0,0,'',2,2);
INSERT INTO PARTICIPANTS(PARTICIPANTID, MEETINGID, ROLL, USERID, USERNAME, NAME, PHONE, EMAIL, SCREENNAME, NOTIFYTYPE) VALUES
	(841,840,3,8,'dan@all.homedns.org','Dan','','','dan', 2);

/* --- Set up Eric (expect userid 9) --- */

INSERT INTO USERS (COMMUNITYID, USERNAME, SCREENNAME, PASSWORD, ADMIN, SUPERADMIN) VALUES (2, 'eric@all.homedns.org', 'eric', 'password', false, false);
INSERT INTO CONTACTS (USERID,USERNAME,SERVER,FIRSTNAME,MIDDLENAME,LASTNAME,DIRECTORYID,TYPE,SCREENNAME,HOMEPHONE,USER1,USER2,USER3,MAXSIZE,MAXPRIORITY,PRIORITYTYPE,ENABLEDFEATURES,DISABLEDFEATURES, PROFILEID)
  VALUES (9,'eric@all.homedns.org','all.homedns.org','eric','','',5,1,'eric', '508 865 0226','ehthayer@hotmail.com','ehthayer','DetailsOmitted', 5, -1, 0, 0, 0, 1);
INSERT INTO DIRECTORY_SUBSCRIPTIONS (OWNERID, DIRECTORYID) VALUES (9, 5);
INSERT INTO MEMBERS (GROUPID, USERID) VALUES (3, 9);

INSERT INTO MEETINGS(MEETINGID,COMMUNITYID,HOSTID,TYPE,PRIVACY,PRIORITY,TITLE,SIZE,DURATION,TIME,RECURRENCE,RECUR_END,OPTIONS,END_TIME,INVITE_EXPIRATION,INVITE_VALID_BEFORE,INVITE_MESSAGE,DISPLAY_ATTENDEES,INVITEE_CHAT_OPTIONS) VALUES
	(850,2,9,1,1,5,'Eric\'s Meeting',5,60,0,0,0,1,0,0,0,'',2,2);
INSERT INTO PARTICIPANTS(PARTICIPANTID, MEETINGID, ROLL, USERID, USERNAME, NAME, PHONE, EMAIL, SCREENNAME, NOTIFYTYPE) VALUES
	(851,850,3,9,'eric@all.homedns.org','Eric','','','eric', 2);

/* --- Set up Bin (expect userid 10) --- */

INSERT INTO USERS (COMMUNITYID, USERNAME, SCREENNAME, PASSWORD, ADMIN, SUPERADMIN) VALUES (2, 'bin@all.homedns.org', 'bin', 'password', false, false);
INSERT INTO CONTACTS (USERID,USERNAME,SERVER,FIRSTNAME,MIDDLENAME,LASTNAME,DIRECTORYID,TYPE,SCREENNAME,MAXSIZE,MAXPRIORITY,PRIORITYTYPE,ENABLEDFEATURES,DISABLEDFEATURES, PROFILEID)
  VALUES (10,'bin@all.homedns.org','all.homedns.org','bin','','',5,1,'bin', 5, -1, 0, 0, 0, 1);
INSERT INTO DIRECTORY_SUBSCRIPTIONS (OWNERID, DIRECTORYID) VALUES (10, 5);
INSERT INTO MEMBERS (GROUPID, USERID) VALUES (3, 10);

INSERT INTO MEETINGS(MEETINGID,COMMUNITYID,HOSTID,TYPE,PRIVACY,PRIORITY,TITLE,SIZE,DURATION,TIME,RECURRENCE,RECUR_END,OPTIONS,END_TIME,INVITE_EXPIRATION,INVITE_VALID_BEFORE,INVITE_MESSAGE,DISPLAY_ATTENDEES,INVITEE_CHAT_OPTIONS) VALUES
	(860,2,10,1,1,5,'Bin\'s Meeting',5,60,0,0,0,1,0,0,0,'',2,2);
INSERT INTO PARTICIPANTS(PARTICIPANTID, MEETINGID, ROLL, USERID, USERNAME, NAME, PHONE, EMAIL, SCREENNAME, NOTIFYTYPE) VALUES
	(861,860,3,10,'bin@all.homedns.org','Bin','','','bin', 2);

/* --- Set up Mike (expect userid 11) --- */

INSERT INTO USERS (COMMUNITYID, USERNAME, SCREENNAME, PASSWORD, ADMIN, SUPERADMIN) VALUES (2, 'mike@all.homedns.org', 'mike', 'password', true, false);
INSERT INTO CONTACTS (USERID,USERNAME,SERVER,FIRSTNAME,MIDDLENAME,LASTNAME,DIRECTORYID,TYPE,SCREENNAME,DEFPHONE,BUSPHONE,HOMEPHONE,MOBILEPHONE,EXTENSION,EMAIL,EMAIL2,USER1,USER2,USER3,MAXSIZE,MAXPRIORITY,PRIORITYTYPE,ENABLEDFEATURES,DISABLEDFEATURES, PROFILEID)
  VALUES (11,'mike@all.homedns.org','all.homedns.org','mike','','',5,2,'mike', 3, '9783697940', '9783694206', '9788353060', '1003', 'mike@imidio.com','michael@iconverse.com','','michaeltinglof','', 5, -1, 0, 0, 0, 1);
INSERT INTO DIRECTORY_SUBSCRIPTIONS (OWNERID, DIRECTORYID) VALUES (11, 5);
INSERT INTO MEMBERS (GROUPID, USERID) VALUES (3, 11);

INSERT INTO MEETINGS(MEETINGID,COMMUNITYID,HOSTID,TYPE,PRIVACY,PRIORITY,TITLE,SIZE,DURATION,TIME,RECURRENCE,RECUR_END,OPTIONS,END_TIME,INVITE_EXPIRATION,INVITE_VALID_BEFORE,INVITE_MESSAGE,DISPLAY_ATTENDEES,INVITEE_CHAT_OPTIONS) VALUES
	(999,2,11,1,1,5,'Mike\'s Meeting',5,60,0,0,0,1,0,0,0,'',2,2);
INSERT INTO PARTICIPANTS(PARTICIPANTID, MEETINGID, ROLL, USERID, USERNAME, NAME, SELPHONE, PHONE, SELEMAIL, EMAIL, SCREENNAME, NOTIFYTYPE) VALUES
	(100,999,3,11,'mike@all.homedns.org','Mike',-1,'555-1212',-1,'','mike', 2);

INSERT INTO MEETINGS(MEETINGID,COMMUNITYID,HOSTID,TYPE,PRIVACY,PRIORITY,TITLE,SIZE,DURATION,TIME,RECURRENCE,RECUR_END,OPTIONS,END_TIME,INVITE_EXPIRATION,INVITE_VALID_BEFORE,INVITE_MESSAGE,DISPLAY_ATTENDEES,INVITEE_CHAT_OPTIONS) VALUES
	(888,2,11,2,1,5,'Another Meeting',5,60,0,0,0,2,0,0,0,'',2,2);
INSERT INTO PARTICIPANTS(PARTICIPANTID, MEETINGID, ROLL, USERID, USERNAME, NAME, PHONE, EMAIL, SCREENNAME, NOTIFYTYPE) VALUES
	(200,888,3,11,'mike@all.homedns.org','Mike', '555-1212','','mike', 0);
INSERT INTO PARTICIPANTS(PARTICIPANTID, MEETINGID, ROLL, USERID, USERNAME, NAME, PHONE, EMAIL, SCREENNAME, NOTIFYTYPE) VALUES
	(201,888,2,12,'ted@all.homedns.org','Ted', '555-1213','','ted', 0);

/* --- Set up Ted (expect userid 12) --- */

INSERT INTO USERS (COMMUNITYID, USERNAME, SCREENNAME, PASSWORD, ADMIN, SUPERADMIN) VALUES (2, 'ted@all.homedns.org', 'ted', 'password', true, false);
INSERT INTO CONTACTS (USERID,USERNAME,SERVER,FIRSTNAME,MIDDLENAME,LASTNAME,DIRECTORYID,TYPE,SCREENNAME,DEFPHONE,BUSPHONE,HOMEPHONE,MOBILEPHONE,EXTENSION,EMAIL,EMAIL2,USER1,USER2,USER3,MAXSIZE,MAXPRIORITY,PRIORITYTYPE,ENABLEDFEATURES,DISABLEDFEATURES, PROFILEID)
  VALUES (12,'ted@all.homedns.org','all.homedns.org','ted','','',5,2,'ted', 3, '7818588585', '9783621880', '7819293903', '1004', 'ted@ledoux.net','tedledoux@hotmail.com','','tedledoux','', 5, -1, 0, 0, 0, 1);
INSERT INTO DIRECTORY_SUBSCRIPTIONS (OWNERID, DIRECTORYID) VALUES (12, 5);
INSERT INTO MEMBERS (GROUPID, USERID) VALUES (3, 12);

INSERT INTO MEETINGS(MEETINGID,COMMUNITYID,HOSTID,TYPE,PRIVACY,PRIORITY,TITLE,SIZE,DURATION,TIME,RECURRENCE,RECUR_END,OPTIONS,END_TIME,INVITE_EXPIRATION,INVITE_VALID_BEFORE,INVITE_MESSAGE,DISPLAY_ATTENDEES,INVITEE_CHAT_OPTIONS) VALUES
	(800,2,12,1,1,5,'Ted\'s Meeting',5,60,0,0,0,1,0,0,0,'',2,2);
INSERT INTO PARTICIPANTS(PARTICIPANTID, MEETINGID, ROLL, USERID, USERNAME, NAME, PHONE, EMAIL, SCREENNAME, NOTIFYTYPE) VALUES
	(801,800,3,12,'ted@all.homedns.org','Ted','555-1213','','ted', 2);


/* --- populate meeting_pins table with all existing pins --- */
INSERT INTO MEETING_PINS (PINID) SELECT MEETINGID FROM MEETINGS;

INSERT INTO MEETING_PINS (PINID) SELECT PARTICIPANTID FROM PARTICIPANTS;

